{"cameraMode":{"drawMode":0,"name":"Shaded","section":"Shading Mode"},"sceneLighting":true,"audioPlay":false,"sceneViewState":{"showFog":true,"showMaterialUpdate":false,"showSkybox":true,"showFlares":true,"showImageEffects":true,"showParticleSystems":true},"in2DMode":false,"pivot":{"x":0.1462177038192749,"y":-0.11307689547538758,"z":0.19720709323883058},"rotation":{"x":-0.062253691256046298,"y":0.8559038043022156,"z":-0.10608003288507462,"w":-0.5022949576377869},"size":144.33934020996095,"orthographic":false}